{"cameraMode":{"drawMode":0,"name":"Shaded","section":"Shading Mode"},"sceneLighting":true,"audioPlay":false,"sceneViewState":{"showFog":true,"showMaterialUpdate":false,"showSkybox":true,"showFlares":true,"showImageEffects":true,"showParticleSystems":true},"in2DMode":false,"pivot":{"x":9.454080581665039,"y":16.060226440429689,"z":-7.396258354187012},"rotation":{"x":0.43008309602737429,"y":-0.5088911056518555,"z":0.3264565169811249,"w":0.6705834865570068},"size":10.61214542388916,"orthographic":false}