{"cameraMode":{"drawMode":0,"name":"Shaded","section":"Shading Mode"},"sceneLighting":true,"audioPlay":false,"sceneViewState":{"showFog":true,"showMaterialUpdate":false,"showSkybox":true,"showFlares":true,"showImageEffects":true,"showParticleSystems":true},"in2DMode":false,"pivot":{"x":0.25351572036743166,"y":-0.8134021759033203,"z":3.211535930633545},"rotation":{"x":0.2719253599643707,"y":-0.5640519857406616,"z":0.20397767424583436,"w":0.7526271343231201},"size":10.608049392700196,"orthographic":false}